[
    {
        "cartType": {
            "make": "Denago",
            "model": "Nomad XL",
            "year": "2024"
        },
        "cartAttributes": {
            "cartColor": "Lava",
            "seatColor": "Stone",
            "tireRimSize": "14",
            "tireType": "All-Terrain",
            "hasSoundSystem": true,
            "isLifted": true,
            "liftKit": "112 Inches",
            "hitch": ["2 Inch Reciever", "Yes"],
            "hasExtendedTop": true,
            "passengers": "4 Passenger",
            "hasBed": false,
            "hasBedLift": false,
            "hasFenderFlares": true,
            "cargoRack": "Front Mount Cargo Basket",
            "LEDs": [
                "Antennas",
                "Demon Eyes Light",
                "Halo Lights",
                "Optic Fiber Trim",
                "Under Glow",
                "Wheel Rings"
            ],
            "returnPolicy": true,
            "shipping": ["1 TO 3 DAYS LOCAL","3 TO 7 DAYS OTR","5 TO 9 DAYS NATIONAL"],
            "sideStep": ["Retractable Steps","Stationary Steps"],
            "stakeSide": true
        },
        "addedFeatures": {
            "stockOptions": true,
            "brushGuard": true,
            "clayBasket": true,
            "fenderFlares": true,
            "LEDs": true,
            "lightBar": true,
            "underGlow": true,
            "staticStock": true
        },
        "options": {
            "denagoRoverXLaddOns": true,
            "denagoNomadXLAddOns": false,
            "denagoNomadAddOns": false,
            "golfBagEvoD3": false,
            "golfBagEvo": false,
            "120voltInverter": false,
            "D5enclosure": false,
            "D5hitch": false,
            "5passengerEnclosure": false,
            "4passengerEnclosure": false,
            "4passengerStorageCoverD5": false,
            "4passengerStorageCoverEpic": false,
            "6passengerStorageCoverEpic": false,
            "armrest4fwd": false,
            "armrest4": false,
            "armrest6": false,
            "interiorBasket": false,
            "lightBar": false,
            "subWoofer": false,
            "programmer": false,
            "cargoCaddie": false,
            "newCartHitch": false,
            "newClayBasket": false,
            "seatBelts": false,
            "gtwCupHolders": false,
            "chargerUpgrade": false,
            "6passengerStorageCover": false,
            "fanSystem": false,
            "soundBar": false,
            "gtwGolfBag": false,
            "gtwGrabBar": false,
            "gtwHitch": false,
            "underBodyLights": false,
            "sideMirrors": false,
            "4passengerStorageCover": false,
            "soundSystem": false,
            "customCart": false
        },
        "battery": {
            "year": "2024",
            "brand": "Denago",
            "type": "Lithium",
            "serialNo": "",
            "ampHours": "105",
            "batteryVoltage": null,
            "packVoltage": "48",
            "warrantyLength": "5 years",
            "isDC": false
        },
        "engine": {
            "make": "Denago",
            "model": "Engine",
            "horsepower": 300,
            "stroke": 16
        },
        "cartLocation": {
            "locationId": "T2",
            "locationDescription": ""
        },
        "title": {
            "isStreetLegal": true,
            "isTitleInPossession": true,
            "storeID": "T2"
        },
        "rfsStatus": {
            "isRFS": true,
            "notRFSOption": "",
            "notRFSDescription": ""
        },
        "floorPlanned": {
            "isFloorPlanned": false,
            "floorPlannedTimestamp": null
        },
        "overheadCost": null,
        "advertising": {
            "websiteUrl": "",
            "onWebsite": false,
            "needOnWebsite": false,
            "facebookAccounts": []
        },
        "_id": "66f4075f1425a9a34d26fa40",
        "lastInteractionTimestamp": 1727142982949,
        "retailPrice": 7995,
        "isElectric": true,
        "transferLocation": "--Select Store--",
        "serialNo": "",
        "vinNo": "JOETESTJOETESTJOE",
        "inventoryTimestamp": 1727064000000,
        "serviceTimestamp": null,
        "invoiceNo": "",
        "currentOwner": "",
        "tradeInInfo": [],
        "isUsed": true,
        "isOnLot": false,
        "isDelivered": false,
        "odometer": null,
        "isService": false,
        "isInBoneyard": false,
        "isInStock": true,
        "warrantyLength": "2 years",
        "isComplete": false,
        "imageUrls": [
            "44083408-c0c1-70d5-f78f-19af0d76d23b-1727268703744.jpg",
            "44083408-c0c1-70d5-f78f-19af0d76d23b-1727268703744.jpg",
            "44083408-c0c1-70d5-f78f-19af0d76d23b-1727268703744.jpg",
            "44083408-c0c1-70d5-f78f-19af0d76d23b-1727268703744.jpg"
        ],
        "categories": [
            "inventory"
        ],
        "internalCartImageUrls": null,
        "__v": 1
    }
]